entry,publisher,citation,title,doi,url
12858,Taylor & Francis,NST vol 20 p 983 (1983),"MEASUREMENT OF NUCLEAR INELASTIC SCATTERING CROSS SECTION OF THORIUM-232 FOR 144 KEV SI-FILTERED NEUTRONS,",10.1080/18811248.1983.9733500,https://www.tandfonline.com/doi/pdf/10.1080/18811248.1983.9733500?needAccess=true
13736,CSIRO Publishing,AUJ vol 30 p 379 (1977),Neutron Resonance Parameters of 90Zr below 300keV,10.1071/ph770379,https://www.publish.csiro.au/ph/pdf/ph770379
13741,CSIRO Publishing,AUJ vol 30 p 391 (1977),High resolution neutron transmission and Capture for 91Zr,10.1071/ph770391,http://www.publish.csiro.au/ph/pdf/ph770391
14356,American Physical Society,Physical Review C vol 87 p 014005 (2013),Measurements of the neutron-proton and neutron-carbon total cross section from 150 to 800 keV,10.1103/PhysRevC.87.014005,http://link.aps.org/pdf/10.1103/PhysRevC.87.014005
14398,DOI resolver — redirects to a publisher platform,Physics Letters B vol 736 p 361 (2014),"Measurements of the 40Ar(n,g)41Ar radiative-capture cross section between 0.4 and 14.8 MeV",10.1016/j.physletb.2014.07.044,https://doi.org/10.1016/j.physletb.2014.07.044
14446,American Physical Society,Physical Review C vol 92 p 045810 (2015),"63Ni(n,gamma) cross sections measured with DANCE",10.1103/PhysRevC.92.045810,http://link.aps.org/pdf/10.1103/PhysRevC.92.045810
14467,American Physical Society,Physical Review C vol 95 p 015808 (2017),"63Cu(n,gamma) cross section measured via 25 keV activation and time of flight",10.1103/PhysRevC.95.015808,http://link.aps.org/pdf/10.1103/PhysRevC.95.015808
14469,DOI resolver — redirects to a publisher platform,Physics Letters B vol 741 p 150 (2015),Measurement of the neutron-capture cross section of 76Ge and 74Ge below 15MeV and its relevance to neutrinoless double beta decay searches of 76Ge,10.1016/j.physletb.2014.12.004,https://doi.org/10.1016/j.physletb.2014.12.004
14659,American Physical Society,Physical Review C vol 102 p 014002 (2020),Measurement of neutron-proton capture in the SNO+ water phase,10.1103/PhysRevC.102.014002,http://link.aps.org/pdf/10.1103/PhysRevC.102.014002
20316,Taylor & Francis,NST vol 7 p 7 (1970),-NEUTRON RESONANCE OF CO-59 AT 132 EV-,10.1080/18811248.1970.9734633,https://www.tandfonline.com/doi/pdf/10.1080/18811248.1970.9734633?needAccess=true
20355,DOI resolver — redirects to a publisher platform,Nuclear Science and Engineering vol 70 p 98 (1979),-THE TOTAL NEUTRON CROSS SECTION OF BORON-10 BETWEEN 90 AND 420 KEV.-,10.13182/NSE79-A18932,https://doi.org/10.5445/ir/270006367
20420,Taylor & Francis,NST vol 12 p 1 (1975),-PRECISION NEUTRON TOTAL CROSS-SECTION MEASUREMENTS NEAR 24 KEV.-,10.1080/18811248.1975.9733063,https://www.tandfonline.com/doi/pdf/10.1080/18811248.1975.9733063?needAccess=true
20602,De Gruyter,ZN/A vol 29 p 1750 (1974),-Neutron total cross sections at 18.8 eV-,10.1515/zna-1974-1207,https://www.degruyter.com/document/doi/10.1515/zna-1974-1207/pdf
20603,De Gruyter,ZN/A vol 31 p 115 (1976),-PRECISION MEASUREMENTS OF FREE CROSS SECTIONS FOR NEUTRONS-. GERMAN,10.1515/zna-1976-0202,https://www.degruyter.com/document/doi/10.1515/zna-1976-0202/pdf
20817,Taylor & Francis,NST vol 16 p 701 (1979),Slow neutron resonances in Terbium-159,10.1080/18811248.1979.9730969,https://www.tandfonline.com/doi/pdf/10.1080/18811248.1979.9730969?needAccess=true
21168,DOI resolver — redirects to a publisher platform,Nuovo Cimento vol 8 p 383 (1951),"-ELASTIC SCATTERING AND (N,P) RESONANCES OF P-31 AND S-",10.1007/BF02807888,https://doi.org/10.1007/bf02807888
21353,De Gruyter,ZN/A vol 26 p 442 (1971),"-PRECISE MEASUREMENT OF THE TOTAL CROSS SECTION OF BISMUTH, LEAD, SILICON AND CARBON FOR 130 EV NEUTRONS.- (IN GERMAN)",10.1515/zna-1971-0314,https://www.degruyter.com/document/doi/10.1515/zna-1971-0314/pdf
21360,De Gruyter,ZN/A vol 21 p 829 (1966),The activation cross section of silicon-30 for thermal neutrons,10.1515/zna-1966-0623,https://www.degruyter.com/document/doi/10.1515/zna-1966-0623/pdf
21748,Taylor & Francis,NST vol 18 p 823 (1981),Measurement of the neutron capture cross section of Th-232 from 1 keV to 408 keV,10.1080/18811248.1981.9733327,https://www.tandfonline.com/doi/pdf/10.1080/18811248.1981.9733327?needAccess=true
21829,Taylor & Francis,NST vol 19 p 775 (1982),"-Cross section measurement for Hg-199(n,n')Hg-199-m reaction from 0.78 to 6.3 MeV",10.1080/18811248.1982.9734217,https://www.tandfonline.com/doi/pdf/10.1080/18811248.1982.9734217?needAccess=true
21922,De Gruyter,ZN/A vol 37 p 1132 (1982),-SCATTERING OF SLOW NEUTRONS BY LANTHANUM AND CERIUM. (STREUUNG LANGSAMER NEUTRONEN AN LANTHAN UND CER ),10.1515/zna-1982-1005,https://www.degruyter.com/document/doi/10.1515/zna-1982-1005/pdf
21986,Taylor & Francis,NST vol 22 p 771 (1985),"Double-differential neutron emission cross sections of 6Li and 7Li at incident neutron energies of 4.2, 5.4, 6.0 and 14.2 MeV",10.1080/18811248.1985.9735728,https://www.tandfonline.com/doi/pdf/10.1080/18811248.1985.9735728?needAccess=true
22045,De Gruyter,ZN/A vol 42 p 909 (1987),-INTERACTION OF NEUTRONS WITH TUNGSTEN AND ITS ISOTOPES. (IN GERMAN),10.1515/zna-1987-0901,https://www.degruyter.com/document/doi/10.1515/zna-1987-0901/pdf
22138,De Gruyter,ZN/A vol 44 p 173 (1989),-STREUUNG LANGSAMER NEUTRONEN AN THORIUM,10.1515/zna-1989-0302,https://www.degruyter.com/document/doi/10.1515/zna-1989-0302/pdf
22295,Taylor & Francis,NST vol 32 p 395 (1995),"-Measurement of thermal neutron cross section and resonance integral of the reaction 99-Tc(n,g)100-Tc",10.1080/18811248.1995.9731724,https://www.tandfonline.com/doi/pdf/10.1080/18811248.1995.9731724?needAccess=true
22342,Taylor & Francis,NST vol 34 p 431 (1997),"Measurement of thermal neutron cross section and resonance integral of the reaction 135-Cs(n,g)136-Cs",10.1080/18811248.1997.9733688,https://www.tandfonline.com/doi/pdf/10.1080/18811248.1997.9733688?needAccess=true
22366,Taylor & Francis,NST vol 31 p 1239 (1994),"Measurements of thermal neutron cross section and resonance integral for the 237-Np(n,g)238-Np reaction",10.1080/18811248.1994.9735286,https://www.tandfonline.com/doi/pdf/10.1080/18811248.1994.9735286?needAccess=true
22451,De Gruyter,ZN/A vol 52 p 270 (1997),Interaction of Slow Neutrons with Cobalt and Tin,10.1515/zna-1997-0306,https://www.degruyter.com/document/doi/10.1515/zna-1997-0306/pdf
22679,Taylor & Francis,NST vol 38 p 1029 (2001),"Measurement of the thermal neutron capture cross section and the resonance integral of the 90Sr(n,gamma)91Sr reaction",10.1080/18811248.2001.9715132,https://www.tandfonline.com/doi/pdf/10.1080/18811248.2001.9715132?needAccess=true
22727,Taylor & Francis,NST vol 34 p 613 (1997),.Radiochemical determination of Neutron capture cross section of 241-Am,10.1080/18811248.1997.9733719,https://www.tandfonline.com/doi/pdf/10.1080/18811248.1997.9733719?needAccess=true
22737,Taylor & Francis,NST vol 30 p 1099 (1993),"Measurement of thermal neutron cross section and resonance integral of the reaction 137-Cs(n,gamma)138-Cs",10.1080/18811248.1993.9734595,https://www.tandfonline.com/doi/pdf/10.1080/18811248.1993.9734595?needAccess=true
22764,Taylor & Francis,NST vol 21 p 254 (1984),Neutron resonance parameters of Rubidium-85 and Rubidium-87,10.1080/18811248.1984.9731043,https://www.tandfonline.com/doi/pdf/10.1080/18811248.1984.9731043?needAccess=true
22772,American Physical Society,Physical Review C vol 71 p 055803 (2005),".7Li(n,gamma)8Li reaction and the S17 factor at Ec.m. > 500 keV",10.1103/PhysRevC.71.055803,http://link.aps.org/pdf/10.1103/PhysRevC.71.055803
22796,American Physical Society,Physical Review C vol 82 p 015802 (2010),"Neutron physics of the Re/Os clock. I. Measurement of (n,g) cross sections of 186,187,188Os at the CERN nTOF facility",10.1103/PhysRevC.82.015802,http://link.aps.org/pdf/10.1103/PhysRevC.82.015802
22858,Taylor & Francis,NST vol 39 p 111 (2002),.Measurement of Neutron Capture Cross Section of Np-237 by linac time-of flight method and with linac-driven lead slowing-down spectrometer,10.1080/18811248.2002.9715164,https://www.tandfonline.com/doi/pdf/10.1080/18811248.2002.9715164?needAccess=true
22872,Taylor & Francis,NST vol 42 p 135 (2005),.Measurement of Neutron Capture Cross Section of Np-237 from 0.02 to 100 eV,10.1080/18811248.2005.9726373,https://www.tandfonline.com/doi/pdf/10.1080/18811248.2005.9726373?needAccess=true
22897,Taylor & Francis,NST vol 42 p 333 (2005),"Measurements of keV-neutron capture cross sections and capture gamma-ray spectra of 91,92Zr",10.1080/18811248.2005.9726399,https://www.tandfonline.com/doi/pdf/10.1080/18811248.2005.9726399?needAccess=true
22977,Taylor & Francis,NST vol 43 p 1289 (2006),"Emission probabilities of gamma rays from the decay of 233Pa and 238Np, and the thermal neutron capture cross section of 237Np",10.3327/jnst.43.1289,https://www.tandfonline.com/doi/pdf/10.1080/18811248.2006.9711223?needAccess=true
22998,Taylor & Francis,NST vol 44 p 1500 (2007),.Thermal-Neutron Capture Cross Section and Resonance Integral of Americium-241,10.1080/18811248.2007.9711399,https://www.tandfonline.com/doi/pdf/10.1080/18811248.2007.9711399?needAccess=true
23009,Taylor & Francis,NST vol 30 p 967 (1993),"Measurement of the 93Nb(n,n')93mNb reaction cross section at 14.5 and 14.9 MeV",10.1080/18811248.1993.9734576,https://www.tandfonline.com/doi/pdf/10.1080/18811248.1993.9734576?needAccess=true
23113,IOP Publishing,AJ vol 707 p 859 (2009),Neutron capture cross section to 113Cd isomer and s-process contribution to rare p-nuclide 115Sn,10.1088/0004-637x/707/2/859,https://iopscience.iop.org/article/10.1088/0004-637X/707/2/859/pdf
23141,Taylor & Francis,NST vol 49 p 708 (2012),Neutron-capture cross-sections of 244Cm and 246Cm measured with an array of large germanium detectors in the ANNRI at J-PARC/MLF,10.1080/00223131.2012.693887,https://www.tandfonline.com/doi/pdf/10.1080/00223131.2012.693887?needAccess=true
23152,American Physical Society,Physical Review C vol 83 p 034608 (2011),"197Au(n,gamma) cross section in the unresolved resonance region",10.1103/PhysRevC.83.034608,http://link.aps.org/pdf/10.1103/PhysRevC.83.034608
23162,Springer,EPJ/A vol 48 p 29 (2012),Simultaneous measurement of neutron-induced capture and fission reactions at CERN,10.1140/epja/i2012-12029-2,https://link.springer.com/content/pdf/10.1140/epja/i2012-12029-2.pdf
23254,American Physical Society,Physical Review C vol 90 p 034608 (2014),Measurement and analysis of the 243Am neutron capture cross section at the nTOF facility at CERN,10.1103/PhysRevC.90.034608,http://link.aps.org/pdf/10.1103/PhysRevC.90.034608
23285,DOI resolver — redirects to a publisher platform,Physics Letters B vol 752 p 212 (2016),Improved measurement of the neutron absorption cross section for very low velocities,10.1016/j.physletb.2015.11.030,https://doi.org/10.1016/j.physletb.2015.11.030
23346,American Physical Society,Physical Review C vol 96 p 014621 (2017),Neutron inelastic scattering measurements on the stable isotopes of titanium,10.1103/PhysRevC.96.014621,http://link.aps.org/pdf/10.1103/PhysRevC.96.014621
23364,American Physical Society,Physical Review C vol 96 p 064601 (2017),"Measurement of the 238U(n,g) cross section up to 80 keV with the Total Absorption Calorimeter at the CERN nTOF Facility",10.1103/PhysRevC.96.064601,http://link.aps.org/pdf/10.1103/PhysRevC.96.064601
23369,American Physical Society,Physical Review C vol 97 p 054616 (2018),Measurement and analysis of the 241Am neutron capture cross section at the nTOF facility at CERN,10.1103/PhysRevC.97.054616,http://link.aps.org/pdf/10.1103/PhysRevC.97.054616
23394,American Physical Society,Physical Review C vol 96 p 025808 (2017),"Precise measurement of the thermal and stellar Fe54(n,g)Fe55 cross sections via accelerator mass spectrometry",10.1103/PhysRevC.96.025808,http://link.aps.org/pdf/10.1103/PhysRevC.96.025808
23451,DOI resolver — redirects to a publisher platform,Physics Letters B vol 790 p 458 (2019),"Measurement of 73Ge(n,g) cross sections and implications for stellar nucleosynthesis",10.1016/j.physletb.2019.01.045,https://doi.org/10.1016/j.physletb.2019.01.045
23454,American Physical Society,Physical Review C vol 100 p 045804 (2019),"Measurement of the 70Ge(n,g) cross section up to 300 keV at the CERN nTOF facility",10.1103/PhysRevC.100.045804,http://link.aps.org/pdf/10.1103/PhysRevC.100.045804
23467,American Physical Society,Physical Review C vol 99 p 015804 (2019),Stellar and thermal neutron capture cross section of 9Be,10.1103/PhysRevC.99.015804,http://link.aps.org/pdf/10.1103/PhysRevC.99.015804
23521,The Royal Society,PRS/A vol 192 p 114 (1947),Resonance phenomena in the interaction of fast neutrons with beryllium and aluminium,10.1098/rspa.1947.0141,https://royalsocietypublishing.org/doi/pdf/10.1098/rspa.1947.0141
23538,Springer,EPJ/A vol 55 p 200 (2019),"Measurement of the 13C(n,gamma) thermal cross section via neutron irradiation and AMS",10.1140/epja/i2019-12893-0,https://link.springer.com/content/pdf/10.1140/epja/i2019-12893-0.pdf
23731,American Physical Society,Physical Review C vol 102 p 024613 (2020),Neutron capture cross section of 53Mn from irradiation with cold and reactor neutrons,10.1103/PhysRevC.102.024613,http://link.aps.org/pdf/10.1103/PhysRevC.102.024613
23757,American Physical Society,Physical Review C vol 103 p 045809 (2021),"Measurement of the 72Ge(n,g) cross section over a wide neutron energy range at the CERN nTOF facility",10.1103/PhysRevC.103.045809,http://link.aps.org/pdf/10.1103/PhysRevC.103.045809
30747,De Gruyter,ZN/A vol 42 p 791 (1987),Total cross section of sulphur at slow neutron energies,10.1515/zna-1987-0803,http://www.degruyter.com/downloadpdf/j/zna.1987.42.issue-8/zna-1987-0803/zna-1987-0803.xml
31719,American Physical Society,Physical Review Letters vol 112 p 192501 (2014),Novel Method to Study Neutron Capture of 235U and 238U Simultaneously at keV Energies,10.1103/PhysRevLett.112.192501,http://link.aps.org/pdf/10.1103/PhysRevLett.112.192501
31847,DOI resolver — redirects to a publisher platform,APP/BS vol 14 p 849 (2021),"The total neutron cross sections for the N, O, Al, and Si elements at the energy of 14.1 MeV",10.5506/aphyspolbsupp.14.849,https://doi.org/10.5506/aphyspolbsupp.14.849
31851,Springer,JRN vol 331 p 1723 (2022),Production and subsequent separation of 47Sc of nuclear medicine applications using neutron-induced reactions on different natural targets,10.1007/s10967-022-08232-1,https://link.springer.com/content/pdf/10.1007/s10967-022-08232-1.pdf
40803,DOI resolver — redirects to a publisher platform,SJA vol 15 p 1170 (1963),Measurement of the 238U and 232Th capture cross sections for neutrons of 5-200 keV,10.1007/bf01115941,https://doi.org/10.1007/bf01115941
